"COU","Country","IND","Indicator","YEAR","Year","Unit Code","Unit","PowerCode Code","PowerCode","Reference Period Code","Reference Period","Value","Flag Codes","Flags"
"AUS","Australia","EMPWCG","Share of central government employment filled by women","2015","2015","PER","Persons","0","Units",,,58.44,,
"AUS","Australia","EMPW_SM","Share of central government employment filled by women by occupation groups, senior management","2010","2010","PER","Persons","0","Units",,,32.2,,
"AUS","Australia","EMPW_SM","Share of central government employment filled by women by occupation groups, senior management","2015","2015","PER","Persons","0","Units",,,36.58,,
"AUS","Australia","EMPW_MM","Share of central government employment filled by women by occupation groups, middle management","2015","2015","PER","Persons","0","Units",,,42.35,,
"AUS","Australia","EMPW_PARL","Share of women parliamentarians","2012","2012","PC","Percentage","0","Units",,,24.7,,
"AUS","Australia","EMPW_PARL","Share of women parliamentarians","2015","2015","PC","Percentage","0","Units",,,26.7,,
"AUS","Australia","EMPW_MIN","Share of women ministers","2012","2012","PC","Percentage","0","Units",,,20.7,,
"AUS","Australia","EMPW_MIN","Share of women ministers","2015","2015","PC","Percentage","0","Units",,,17.2,,
"AUT","Austria","EMPWCG","Share of central government employment filled by women","2015","2015","PER","Persons","0","Units",,,44.89,,
"AUT","Austria","EMPW_SM","Share of central government employment filled by women by occupation groups, senior management","2015","2015","PER","Persons","0","Units",,,28.79,,
"AUT","Austria","EMPW_PARL","Share of women parliamentarians","2012","2012","PC","Percentage","0","Units",,,27.9,,
"AUT","Austria","EMPW_PARL","Share of women parliamentarians","2015","2015","PC","Percentage","0","Units",,,30.6,,
"AUT","Austria","EMPW_MIN","Share of women ministers","2012","2012","PC","Percentage","0","Units",,,46.2,,
"AUT","Austria","EMPW_MIN","Share of women ministers","2015","2015","PC","Percentage","0","Units",,,30.8,,
"AUT","Austria","EMPW_PJ","Share of professional judges that are women","2012","2012","PC","Percentage","0","Units",,,49,,
"AUT","Austria","EMPW_PJ","Share of professional judges that are women","2014","2014","PC","Percentage","0","Units",,,51,,
"AUT","Austria","EMPW_CFI","Share of women in courts of first instance","2014","2014","PC","Percentage","0","Units",,,55,,
"AUT","Austria","EMPW_AC","Share of women in appeal courts","2014","2014","PC","Percentage","0","Units",,,42,,
"AUT","Austria","EMPW_SC","Share of women in supreme courts","2014","2014","PC","Percentage","0","Units",,,35,,
"BEL","Belgium","EMPWPS","Share of public employment filled by women","2009","2009","PER","Persons","0","Units",,,54.89,,
"BEL","Belgium","EMPWPS","Share of public employment filled by women","2015","2015","PER","Persons","0","Units",,,57.17,,
"BEL","Belgium","EMPLWTOT","Share of employed women in total employment","2009","2009","PER","Persons","0","Units",,,45.04,,
"BEL","Belgium","EMPLWTOT","Share of employed women in total employment","2015","2015","PER","Persons","0","Units",,,46.53,,
"BEL","Belgium","EMPWCG","Share of central government employment filled by women","2015","2015","PER","Persons","0","Units",,,52.26,,
"BEL","Belgium","EMPW_SM","Share of central government employment filled by women by occupation groups, senior management","2010","2010","PER","Persons","0","Units",,,16.67,,
"BEL","Belgium","EMPW_SM","Share of central government employment filled by women by occupation groups, senior management","2015","2015","PER","Persons","0","Units",,,21.14,,
"BEL","Belgium","EMPW_MM","Share of central government employment filled by women by occupation groups, middle management","2015","2015","PER","Persons","0","Units",,,27.45,,
"BEL","Belgium","EMPW_P","Share of central government employment filled by women by occupation groups, professionals","2015","2015","PER","Persons","0","Units",,,45.39,,
"BEL","Belgium","EMPW_PARL","Share of women parliamentarians","2012","2012","PC","Percentage","0","Units",,,38,,
"BEL","Belgium","EMPW_PARL","Share of women parliamentarians","2015","2015","PC","Percentage","0","Units",,,39.3,,
"BEL","Belgium","EMPW_MIN","Share of women ministers","2012","2012","PC","Percentage","0","Units",,,41.7,,
"BEL","Belgium","EMPW_MIN","Share of women ministers","2015","2015","PC","Percentage","0","Units",,,23.1,,
"BEL","Belgium","EMPW_PJ","Share of professional judges that are women","2012","2012","PC","Percentage","0","Units",,,49,,
"BEL","Belgium","EMPW_PJ","Share of professional judges that are women","2014","2014","PC","Percentage","0","Units",,,52,,
"BEL","Belgium","EMPW_CFI","Share of women in courts of first instance","2014","2014","PC","Percentage","0","Units",,,53,,
"BEL","Belgium","EMPW_AC","Share of women in appeal courts","2014","2014","PC","Percentage","0","Units",,,47,,
"BEL","Belgium","EMPW_SC","Share of women in supreme courts","2014","2014","PC","Percentage","0","Units",,,21,,
"CAN","Canada","EMPWPS","Share of public employment filled by women","2009","2009","PER","Persons","0","Units",,,61.88,,
"CAN","Canada","EMPWPS","Share of public employment filled by women","2015","2015","PER","Persons","0","Units",,,62.81,,
"CAN","Canada","EMPLWTOT","Share of employed women in total employment","2009","2009","PER","Persons","0","Units",,,47.97,,
"CAN","Canada","EMPLWTOT","Share of employed women in total employment","2015","2015","PER","Persons","0","Units",,,49.43,,
"CAN","Canada","EMPWCG","Share of central government employment filled by women","2015","2015","PER","Persons","0","Units",,,54.99,,
"CAN","Canada","EMPW_SM","Share of central government employment filled by women by occupation groups, senior management","2010","2010","PER","Persons","0","Units",,,40.47,,
"CAN","Canada","EMPW_SM","Share of central government employment filled by women by occupation groups, senior management","2015","2015","PER","Persons","0","Units",,,40.38,,
"CAN","Canada","EMPW_MM","Share of central government employment filled by women by occupation groups, middle management","2015","2015","PER","Persons","0","Units",,,46.02,,
"CAN","Canada","EMPW_PARL","Share of women parliamentarians","2012","2012","PC","Percentage","0","Units",,,24.7,,
"CAN","Canada","EMPW_PARL","Share of women parliamentarians","2015","2015","PC","Percentage","0","Units",,,25.2,,
"CAN","Canada","EMPW_MIN","Share of women ministers","2012","2012","PC","Percentage","0","Units",,,26.9,,
"CAN","Canada","EMPW_MIN","Share of women ministers","2015","2015","PC","Percentage","0","Units",,,30.8,,
"CZE","Czech Republic","EMPW_PARL","Share of women parliamentarians","2012","2012","PC","Percentage","0","Units",,,22,,
"CZE","Czech Republic","EMPW_PARL","Share of women parliamentarians","2015","2015","PC","Percentage","0","Units",,,19,,
"CZE","Czech Republic","EMPW_MIN","Share of women ministers","2012","2012","PC","Percentage","0","Units",,,13.3,,
"CZE","Czech Republic","EMPW_MIN","Share of women ministers","2015","2015","PC","Percentage","0","Units",,,18.8,,
"CZE","Czech Republic","EMPW_PJ","Share of professional judges that are women","2012","2012","PC","Percentage","0","Units",,,61,,
"CZE","Czech Republic","EMPW_PJ","Share of professional judges that are women","2014","2014","PC","Percentage","0","Units",,,61,,
"CZE","Czech Republic","EMPW_CFI","Share of women in courts of first instance","2014","2014","PC","Percentage","0","Units",,,66,,
"CZE","Czech Republic","EMPW_AC","Share of women in appeal courts","2014","2014","PC","Percentage","0","Units",,,55,,
"CZE","Czech Republic","EMPW_SC","Share of women in supreme courts","2014","2014","PC","Percentage","0","Units",,,27,,
"DNK","Denmark","EMPWPS","Share of public employment filled by women","2009","2009","PER","Persons","0","Units",,,68.05,,
"DNK","Denmark","EMPWPS","Share of public employment filled by women","2015","2015","PER","Persons","0","Units",,,67.88,,
"DNK","Denmark","EMPLWTOT","Share of employed women in total employment","2009","2009","PER","Persons","0","Units",,,49.8,,
"DNK","Denmark","EMPLWTOT","Share of employed women in total employment","2015","2015","PER","Persons","0","Units",,,49.04,,
"DNK","Denmark","EMPWCG","Share of central government employment filled by women","2015","2015","PER","Persons","0","Units",,,52.46,,
"DNK","Denmark","EMPW_SM","Share of central government employment filled by women by occupation groups, senior management","2010","2010","PER","Persons","0","Units",,,25,,
"DNK","Denmark","EMPW_SM","Share of central government employment filled by women by occupation groups, senior management","2015","2015","PER","Persons","0","Units",,,22.22,,
"DNK","Denmark","EMPW_MM","Share of central government employment filled by women by occupation groups, middle management","2015","2015","PER","Persons","0","Units",,,45.09,,
"DNK","Denmark","EMPW_P","Share of central government employment filled by women by occupation groups, professionals","2015","2015","PER","Persons","0","Units",,,55.14,,
"DNK","Denmark","EMPW_PARL","Share of women parliamentarians","2012","2012","PC","Percentage","0","Units",,,39.1,,
"DNK","Denmark","EMPW_PARL","Share of women parliamentarians","2015","2015","PC","Percentage","0","Units",,,38,,
"DNK","Denmark","EMPW_MIN","Share of women ministers","2012","2012","PC","Percentage","0","Units",,,39.1,,
"DNK","Denmark","EMPW_MIN","Share of women ministers","2015","2015","PC","Percentage","0","Units",,,26.3,,
"DNK","Denmark","EMPW_PJ","Share of professional judges that are women","2012","2012","PC","Percentage","0","Units",,,51,,
"DNK","Denmark","EMPW_PJ","Share of professional judges that are women","2014","2014","PC","Percentage","0","Units",,,51,,
"DNK","Denmark","EMPW_CFI","Share of women in courts of first instance","2014","2014","PC","Percentage","0","Units",,,58,,
"DNK","Denmark","EMPW_AC","Share of women in appeal courts","2014","2014","PC","Percentage","0","Units",,,40,,
"DNK","Denmark","EMPW_SC","Share of women in supreme courts","2014","2014","PC","Percentage","0","Units",,,26,,
"FIN","Finland","EMPWPS","Share of public employment filled by women","2015","2015","PER","Persons","0","Units",,,72.6,,
"FIN","Finland","EMPLWTOT","Share of employed women in total employment","2015","2015","PER","Persons","0","Units",,,48.75,,
"FIN","Finland","EMPWCG","Share of central government employment filled by women","2015","2015","PER","Persons","0","Units",,,58.37,,
"FIN","Finland","EMPW_SM","Share of central government employment filled by women by occupation groups, senior management","2010","2010","PER","Persons","0","Units",,,27.63,,
"FIN","Finland","EMPW_SM","Share of central government employment filled by women by occupation groups, senior management","2015","2015","PER","Persons","0","Units",,,34.11,,
"FIN","Finland","EMPW_MM","Share of central government employment filled by women by occupation groups, middle management","2015","2015","PER","Persons","0","Units",,,42.75,,
"FIN","Finland","EMPW_P","Share of central government employment filled by women by occupation groups, professionals","2015","2015","PER","Persons","0","Units",,,55.63,,
"FIN","Finland","EMPW_PARL","Share of women parliamentarians","2012","2012","PC","Percentage","0","Units",,,42.5,,
"FIN","Finland","EMPW_PARL","Share of women parliamentarians","2015","2015","PC","Percentage","0","Units",,,42.5,,
"FIN","Finland","EMPW_MIN","Share of women ministers","2012","2012","PC","Percentage","0","Units",,,50,,
"FIN","Finland","EMPW_MIN","Share of women ministers","2015","2015","PC","Percentage","0","Units",,,62.5,,
"FIN","Finland","EMPW_PJ","Share of professional judges that are women","2012","2012","PC","Percentage","0","Units",,,51,,
"FIN","Finland","EMPW_PJ","Share of professional judges that are women","2014","2014","PC","Percentage","0","Units",,,52,,
"FIN","Finland","EMPW_CFI","Share of women in courts of first instance","2014","2014","PC","Percentage","0","Units",,,53,,
"FIN","Finland","EMPW_AC","Share of women in appeal courts","2014","2014","PC","Percentage","0","Units",,,52,,
"FIN","Finland","EMPW_SC","Share of women in supreme courts","2014","2014","PC","Percentage","0","Units",,,36,,
"FRA","France","EMPWPS","Share of public employment filled by women","2009","2009","PER","Persons","0","Units",,,62.28,,
"FRA","France","EMPWPS","Share of public employment filled by women","2015","2015","PER","Persons","0","Units",,,63.23,,
"FRA","France","EMPLWTOT","Share of employed women in total employment","2009","2009","PER","Persons","0","Units",,,47.48,,
"FRA","France","EMPLWTOT","Share of employed women in total employment","2015","2015","PER","Persons","0","Units",,,48.31,,
"FRA","France","EMPWCG","Share of central government employment filled by women","2015","2015","PER","Persons","0","Units",,,59,,
"FRA","France","EMPW_SM","Share of central government employment filled by women by occupation groups, senior management","2010","2010","PER","Persons","0","Units",,,28,,
"FRA","France","EMPW_SM","Share of central government employment filled by women by occupation groups, senior management","2015","2015","PER","Persons","0","Units",,,32,,
"FRA","France","EMPW_MM","Share of central government employment filled by women by occupation groups, middle management","2015","2015","PER","Persons","0","Units",,,35,,
"FRA","France","EMPW_P","Share of central government employment filled by women by occupation groups, professionals","2015","2015","PER","Persons","0","Units",,,56,,
"FRA","France","EMPW_PARL","Share of women parliamentarians","2012","2012","PC","Percentage","0","Units",,,26.9,,
"FRA","France","EMPW_PARL","Share of women parliamentarians","2015","2015","PC","Percentage","0","Units",,,26.2,,
"FRA","France","EMPW_MIN","Share of women ministers","2012","2012","PC","Percentage","0","Units",,,20.8,,
"FRA","France","EMPW_MIN","Share of women ministers","2015","2015","PC","Percentage","0","Units",,,50,,
"FRA","France","EMPW_PJ","Share of professional judges that are women","2012","2012","PC","Percentage","0","Units",,,60,,
"FRA","France","EMPW_PJ","Share of professional judges that are women","2014","2014","PC","Percentage","0","Units",,,62,,
"FRA","France","EMPW_CFI","Share of women in courts of first instance","2014","2014","PC","Percentage","0","Units",,,65,,
"FRA","France","EMPW_AC","Share of women in appeal courts","2014","2014","PC","Percentage","0","Units",,,58,,
"DEU","Germany","EMPWPS","Share of public employment filled by women","2009","2009","PER","Persons","0","Units",,,51.52,,
"DEU","Germany","EMPWPS","Share of public employment filled by women","2015","2015","PER","Persons","0","Units",,,54.5,,
"DEU","Germany","EMPWCG","Share of central government employment filled by women","2015","2015","PER","Persons","0","Units",,,44.68,,
"DEU","Germany","EMPW_PARL","Share of women parliamentarians","2012","2012","PC","Percentage","0","Units",,,32.9,,
"DEU","Germany","EMPW_PARL","Share of women parliamentarians","2015","2015","PC","Percentage","0","Units",,,36.5,,
"DEU","Germany","EMPW_MIN","Share of women ministers","2012","2012","PC","Percentage","0","Units",,,33.3,,
"DEU","Germany","EMPW_MIN","Share of women ministers","2015","2015","PC","Percentage","0","Units",,,33.3,,
"DEU","Germany","EMPW_SC","Share of women in supreme courts","2014","2014","PC","Percentage","0","Units",,,24,,
"GRC","Greece","EMPWPS","Share of public employment filled by women","2009","2009","PER","Persons","0","Units",,,45.67,,
"GRC","Greece","EMPWPS","Share of public employment filled by women","2015","2015","PER","Persons","0","Units",,,46.84,,
"GRC","Greece","EMPLWTOT","Share of employed women in total employment","2009","2009","PER","Persons","0","Units",,,39.76,,
"GRC","Greece","EMPLWTOT","Share of employed women in total employment","2015","2015","PER","Persons","0","Units",,,42.2,,
"GRC","Greece","EMPWCG","Share of central government employment filled by women","2015","2015","PER","Persons","0","Units",,,51.71,,
"GRC","Greece","EMPW_SM","Share of central government employment filled by women by occupation groups, senior management","2015","2015","PER","Persons","0","Units",,,50.63,,
"GRC","Greece","EMPW_MM","Share of central government employment filled by women by occupation groups, middle management","2015","2015","PER","Persons","0","Units",,,53.97,,
"GRC","Greece","EMPW_P","Share of central government employment filled by women by occupation groups, professionals","2015","2015","PER","Persons","0","Units",,,51.54,,
"GRC","Greece","EMPW_PARL","Share of women parliamentarians","2012","2012","PC","Percentage","0","Units",,,21,,
"GRC","Greece","EMPW_PARL","Share of women parliamentarians","2015","2015","PC","Percentage","0","Units",,,23,,
"GRC","Greece","EMPW_MIN","Share of women ministers","2012","2012","PC","Percentage","0","Units",,,5.6,,
"GRC","Greece","EMPW_MIN","Share of women ministers","2015","2015","PC","Percentage","0","Units",,,10,,
"GRC","Greece","EMPW_PJ","Share of professional judges that are women","2012","2012","PC","Percentage","0","Units",,,68,,
"GRC","Greece","EMPW_PJ","Share of professional judges that are women","2014","2014","PC","Percentage","0","Units",,,72,,
"GRC","Greece","EMPW_CFI","Share of women in courts of first instance","2014","2014","PC","Percentage","0","Units",,,76,,
"GRC","Greece","EMPW_AC","Share of women in appeal courts","2014","2014","PC","Percentage","0","Units",,,71,,
"GRC","Greece","EMPW_SC","Share of women in supreme courts","2014","2014","PC","Percentage","0","Units",,,50,,
"HUN","Hungary","EMPWPS","Share of public employment filled by women","2009","2009","PER","Persons","0","Units",,,61.97,,
"HUN","Hungary","EMPWPS","Share of public employment filled by women","2015","2015","PER","Persons","0","Units",,,58.61,,
"HUN","Hungary","EMPLWTOT","Share of employed women in total employment","2009","2009","PER","Persons","0","Units",,,45.93,,
"HUN","Hungary","EMPLWTOT","Share of employed women in total employment","2015","2015","PER","Persons","0","Units",,,45.77,,
"HUN","Hungary","EMPWCG","Share of central government employment filled by women","2015","2015","PER","Persons","0","Units",,,72.32,,
"HUN","Hungary","EMPW_PARL","Share of women parliamentarians","2012","2012","PC","Percentage","0","Units",,,8.8,,
"HUN","Hungary","EMPW_PARL","Share of women parliamentarians","2015","2015","PC","Percentage","0","Units",,,10.1,,
"HUN","Hungary","EMPW_MIN","Share of women ministers","2012","2012","PC","Percentage","0","Units",,,10,,
"HUN","Hungary","EMPW_MIN","Share of women ministers","2015","2015","PC","Percentage","0","Units",,,0,,
"HUN","Hungary","EMPW_PJ","Share of professional judges that are women","2012","2012","PC","Percentage","0","Units",,,69,,
"HUN","Hungary","EMPW_PJ","Share of professional judges that are women","2014","2014","PC","Percentage","0","Units",,,69,,
"HUN","Hungary","EMPW_CFI","Share of women in courts of first instance","2014","2014","PC","Percentage","0","Units",,,70,,
"HUN","Hungary","EMPW_AC","Share of women in appeal courts","2014","2014","PC","Percentage","0","Units",,,68,,
"HUN","Hungary","EMPW_SC","Share of women in supreme courts","2014","2014","PC","Percentage","0","Units",,,50,,
"ISL","Iceland","EMPWCG","Share of central government employment filled by women","2015","2015","PER","Persons","0","Units",,,63.89,,
"ISL","Iceland","EMPW_SM","Share of central government employment filled by women by occupation groups, senior management","2010","2010","PER","Persons","0","Units",,,41.38,,
"ISL","Iceland","EMPW_SM","Share of central government employment filled by women by occupation groups, senior management","2015","2015","PER","Persons","0","Units",,,53.85,,
"ISL","Iceland","EMPW_MM","Share of central government employment filled by women by occupation groups, middle management","2015","2015","PER","Persons","0","Units",,,64.81,,
"ISL","Iceland","EMPW_P","Share of central government employment filled by women by occupation groups, professionals","2015","2015","PER","Persons","0","Units",,,62.39,,
"ISL","Iceland","EMPW_PARL","Share of women parliamentarians","2012","2012","PC","Percentage","0","Units",,,39.7,,
"ISL","Iceland","EMPW_PARL","Share of women parliamentarians","2015","2015","PC","Percentage","0","Units",,,41.3,,
"ISL","Iceland","EMPW_MIN","Share of women ministers","2012","2012","PC","Percentage","0","Units",,,50,,
"ISL","Iceland","EMPW_MIN","Share of women ministers","2015","2015","PC","Percentage","0","Units",,,44.4,,
"ISL","Iceland","EMPW_PJ","Share of professional judges that are women","2012","2012","PC","Percentage","0","Units",,,29,,
"ISL","Iceland","EMPW_PJ","Share of professional judges that are women","2014","2014","PC","Percentage","0","Units",,,30,,
"ISL","Iceland","EMPW_CFI","Share of women in courts of first instance","2014","2014","PC","Percentage","0","Units",,,44,,
"ISL","Iceland","EMPW_SC","Share of women in supreme courts","2014","2014","PC","Percentage","0","Units",,,18,,
"IRL","Ireland","EMPWCG","Share of central government employment filled by women","2015","2015","PER","Persons","0","Units",,,60.42,,
"IRL","Ireland","EMPW_SM","Share of central government employment filled by women by occupation groups, senior management","2010","2010","PER","Persons","0","Units",,,20.74,,
"IRL","Ireland","EMPW_SM","Share of central government employment filled by women by occupation groups, senior management","2015","2015","PER","Persons","0","Units",,,29.14,,
"IRL","Ireland","EMPW_MM","Share of central government employment filled by women by occupation groups, middle management","2015","2015","PER","Persons","0","Units",,,48.85,,
"IRL","Ireland","EMPW_P","Share of central government employment filled by women by occupation groups, professionals","2015","2015","PER","Persons","0","Units",,,67.54,,
"IRL","Ireland","EMPW_PARL","Share of women parliamentarians","2012","2012","PC","Percentage","0","Units",,,15.1,,
"IRL","Ireland","EMPW_PARL","Share of women parliamentarians","2015","2015","PC","Percentage","0","Units",,,16.3,,
"IRL","Ireland","EMPW_MIN","Share of women ministers","2012","2012","PC","Percentage","0","Units",,,14.3,,
"IRL","Ireland","EMPW_MIN","Share of women ministers","2015","2015","PC","Percentage","0","Units",,,28.6,,
"IRL","Ireland","EMPW_PJ","Share of professional judges that are women","2012","2012","PC","Percentage","0","Units",,,26,,
"IRL","Ireland","EMPW_PJ","Share of professional judges that are women","2014","2014","PC","Percentage","0","Units",,,33,,
"IRL","Ireland","EMPW_CFI","Share of women in courts of first instance","2014","2014","PC","Percentage","0","Units",,,34,,
"IRL","Ireland","EMPW_AC","Share of women in appeal courts","2014","2014","PC","Percentage","0","Units",,,20,,
"IRL","Ireland","EMPW_SC","Share of women in supreme courts","2014","2014","PC","Percentage","0","Units",,,30,,
"ITA","Italy","EMPWPS","Share of public employment filled by women","2009","2009","PER","Persons","0","Units",,,54.49,,
"ITA","Italy","EMPWPS","Share of public employment filled by women","2015","2015","PER","Persons","0","Units",,,56.22,,
"ITA","Italy","EMPWCG","Share of central government employment filled by women","2015","2015","PER","Persons","0","Units",,,52.39,,
"ITA","Italy","EMPW_SM","Share of central government employment filled by women by occupation groups, senior management","2010","2010","PER","Persons","0","Units",,,27.43,,
"ITA","Italy","EMPW_SM","Share of central government employment filled by women by occupation groups, senior management","2015","2015","PER","Persons","0","Units",,,33.41,,
"ITA","Italy","EMPW_MM","Share of central government employment filled by women by occupation groups, middle management","2015","2015","PER","Persons","0","Units",,,43.11,,
"ITA","Italy","EMPW_P","Share of central government employment filled by women by occupation groups, professionals","2015","2015","PER","Persons","0","Units",,,56.3,,
"ITA","Italy","EMPW_PARL","Share of women parliamentarians","2012","2012","PC","Percentage","0","Units",,,21.6,,
"ITA","Italy","EMPW_PARL","Share of women parliamentarians","2015","2015","PC","Percentage","0","Units",,,31,,
"ITA","Italy","EMPW_MIN","Share of women ministers","2012","2012","PC","Percentage","0","Units",,,16.7,,
"ITA","Italy","EMPW_MIN","Share of women ministers","2015","2015","PC","Percentage","0","Units",,,43.8,,
"ITA","Italy","EMPW_PJ","Share of professional judges that are women","2012","2012","PC","Percentage","0","Units",,,51,,
"ITA","Italy","EMPW_PJ","Share of professional judges that are women","2014","2014","PC","Percentage","0","Units",,,52,,
"ITA","Italy","EMPW_CFI","Share of women in courts of first instance","2014","2014","PC","Percentage","0","Units",,,55,,
"ITA","Italy","EMPW_AC","Share of women in appeal courts","2014","2014","PC","Percentage","0","Units",,,48,,
"ITA","Italy","EMPW_SC","Share of women in supreme courts","2014","2014","PC","Percentage","0","Units",,,25,,
"JPN","Japan","EMPWPS","Share of public employment filled by women","2009","2009","PER","Persons","0","Units",,,41.16,,
"JPN","Japan","EMPWPS","Share of public employment filled by women","2015","2015","PER","Persons","0","Units",,,43.8,,
"JPN","Japan","EMPLWTOT","Share of employed women in total employment","2009","2009","PER","Persons","0","Units",,,41.99,,
"JPN","Japan","EMPLWTOT","Share of employed women in total employment","2015","2015","PER","Persons","0","Units",,,43.19,,
"JPN","Japan","EMPWCG","Share of central government employment filled by women","2015","2015","PER","Persons","0","Units",,,17.62,,
"JPN","Japan","EMPW_SM","Share of central government employment filled by women by occupation groups, senior management","2015","2015","PER","Persons","0","Units",,,3.07,,
"JPN","Japan","EMPW_MM","Share of central government employment filled by women by occupation groups, middle management","2015","2015","PER","Persons","0","Units",,,2.97,,
"JPN","Japan","EMPW_PARL","Share of women parliamentarians","2012","2012","PC","Percentage","0","Units",,,10.6,,
"JPN","Japan","EMPW_PARL","Share of women parliamentarians","2015","2015","PC","Percentage","0","Units",,,9.5,,
"JPN","Japan","EMPW_MIN","Share of women ministers","2012","2012","PC","Percentage","0","Units",,,11.8,,
"JPN","Japan","EMPW_MIN","Share of women ministers","2015","2015","PC","Percentage","0","Units",,,22.2,,
"JPN","Japan","EMPW_PJ","Share of professional judges that are women","2012","2012","PC","Percentage","0","Units",,,19,,
"JPN","Japan","EMPW_PJ","Share of professional judges that are women","2014","2014","PC","Percentage","0","Units",,,20,,
"KOR","Korea","EMPWPS","Share of public employment filled by women","2015","2015","PER","Persons","0","Units",,,44.35,,
"KOR","Korea","EMPLWTOT","Share of employed women in total employment","2015","2015","PER","Persons","0","Units",,,41.99,,
"KOR","Korea","EMPWCG","Share of central government employment filled by women","2015","2015","PER","Persons","0","Units",,,28.52,,
"KOR","Korea","EMPW_SM","Share of central government employment filled by women by occupation groups, senior management","2010","2010","PER","Persons","0","Units",,,2.29,,
"KOR","Korea","EMPW_SM","Share of central government employment filled by women by occupation groups, senior management","2015","2015","PER","Persons","0","Units",,,6,,
"KOR","Korea","EMPW_MM","Share of central government employment filled by women by occupation groups, middle management","2015","2015","PER","Persons","0","Units",,,18.3,,
"KOR","Korea","EMPW_P","Share of central government employment filled by women by occupation groups, professionals","2015","2015","PER","Persons","0","Units",,,32.53,,
"KOR","Korea","EMPW_PARL","Share of women parliamentarians","2012","2012","PC","Percentage","0","Units",,,15.7,,
"KOR","Korea","EMPW_PARL","Share of women parliamentarians","2015","2015","PC","Percentage","0","Units",,,16.3,,
"KOR","Korea","EMPW_MIN","Share of women ministers","2012","2012","PC","Percentage","0","Units",,,11.1,,
"KOR","Korea","EMPW_MIN","Share of women ministers","2015","2015","PC","Percentage","0","Units",,,5.9,,
"LUX","Luxembourg","EMPW_PARL","Share of women parliamentarians","2012","2012","PC","Percentage","0","Units",,,25,,
"LUX","Luxembourg","EMPW_PARL","Share of women parliamentarians","2015","2015","PC","Percentage","0","Units",,,28.3,,
"LUX","Luxembourg","EMPW_MIN","Share of women ministers","2012","2012","PC","Percentage","0","Units",,,26.7,,
"LUX","Luxembourg","EMPW_MIN","Share of women ministers","2015","2015","PC","Percentage","0","Units",,,26.7,,
"LUX","Luxembourg","EMPW_PJ","Share of professional judges that are women","2014","2014","PC","Percentage","0","Units",,,72,,
"LUX","Luxembourg","EMPW_CFI","Share of women in courts of first instance","2014","2014","PC","Percentage","0","Units",,,75,,
"LUX","Luxembourg","EMPW_SC","Share of women in supreme courts","2014","2014","PC","Percentage","0","Units",,,59,,
"MEX","Mexico","EMPWPS","Share of public employment filled by women","2009","2009","PER","Persons","0","Units",,,46.51,,
"MEX","Mexico","EMPWPS","Share of public employment filled by women","2015","2015","PER","Persons","0","Units",,,48.73,,
"MEX","Mexico","EMPLWTOT","Share of employed women in total employment","2009","2009","PER","Persons","0","Units",,,37.66,,
"MEX","Mexico","EMPLWTOT","Share of employed women in total employment","2015","2015","PER","Persons","0","Units",,,37.99,,
"MEX","Mexico","EMPWCG","Share of central government employment filled by women","2015","2015","PER","Persons","0","Units",,,36.81,,
"MEX","Mexico","EMPW_SM","Share of central government employment filled by women by occupation groups, senior management","2015","2015","PER","Persons","0","Units",,,24.45,,
"MEX","Mexico","EMPW_MM","Share of central government employment filled by women by occupation groups, middle management","2015","2015","PER","Persons","0","Units",,,37.02,,
"MEX","Mexico","EMPW_P","Share of central government employment filled by women by occupation groups, professionals","2015","2015","PER","Persons","0","Units",,,41.68,,
"MEX","Mexico","EMPW_PARL","Share of women parliamentarians","2012","2012","PC","Percentage","0","Units",,,36.8,,
"MEX","Mexico","EMPW_PARL","Share of women parliamentarians","2015","2015","PC","Percentage","0","Units",,,38,,
"MEX","Mexico","EMPW_MIN","Share of women ministers","2012","2012","PC","Percentage","0","Units",,,21.1,,
"MEX","Mexico","EMPW_MIN","Share of women ministers","2015","2015","PC","Percentage","0","Units",,,17.6,,
"NLD","Netherlands","EMPWCG","Share of central government employment filled by women","2015","2015","PER","Persons","0","Units",,,44.24,,
"NLD","Netherlands","EMPW_SM","Share of central government employment filled by women by occupation groups, senior management","2015","2015","PER","Persons","0","Units",,,28,,
"NLD","Netherlands","EMPW_MM","Share of central government employment filled by women by occupation groups, middle management","2015","2015","PER","Persons","0","Units",,,33,,
"NLD","Netherlands","EMPW_P","Share of central government employment filled by women by occupation groups, professionals","2015","2015","PER","Persons","0","Units",,,42,,
"NLD","Netherlands","EMPW_PARL","Share of women parliamentarians","2012","2012","PC","Percentage","0","Units",,,38.7,,
"NLD","Netherlands","EMPW_PARL","Share of women parliamentarians","2015","2015","PC","Percentage","0","Units",,,37.3,,
"NLD","Netherlands","EMPW_MIN","Share of women ministers","2012","2012","PC","Percentage","0","Units",,,33.3,,
"NLD","Netherlands","EMPW_MIN","Share of women ministers","2015","2015","PC","Percentage","0","Units",,,46.7,,
"NLD","Netherlands","EMPW_PJ","Share of professional judges that are women","2012","2012","PC","Percentage","0","Units",,,53,,
"NLD","Netherlands","EMPW_PJ","Share of professional judges that are women","2014","2014","PC","Percentage","0","Units",,,56,,
"NLD","Netherlands","EMPW_CFI","Share of women in courts of first instance","2014","2014","PC","Percentage","0","Units",,,60,,
"NLD","Netherlands","EMPW_AC","Share of women in appeal courts","2014","2014","PC","Percentage","0","Units",,,45,,
"NZL","New Zealand","EMPW_PARL","Share of women parliamentarians","2012","2012","PC","Percentage","0","Units",,,32.2,,
"NZL","New Zealand","EMPW_PARL","Share of women parliamentarians","2015","2015","PC","Percentage","0","Units",,,31.4,,
"NZL","New Zealand","EMPW_MIN","Share of women ministers","2012","2012","PC","Percentage","0","Units",,,28.6,,
"NZL","New Zealand","EMPW_MIN","Share of women ministers","2015","2015","PC","Percentage","0","Units",,,33.3,,
"NOR","Norway","EMPWPS","Share of public employment filled by women","2009","2009","PER","Persons","0","Units",,,69.95,,
"NOR","Norway","EMPWPS","Share of public employment filled by women","2015","2015","PER","Persons","0","Units",,,68.2,,
"NOR","Norway","EMPLWTOT","Share of employed women in total employment","2009","2009","PER","Persons","0","Units",,,47.49,,
"NOR","Norway","EMPLWTOT","Share of employed women in total employment","2015","2015","PER","Persons","0","Units",,,47.11,,
"NOR","Norway","EMPWCG","Share of central government employment filled by women","2015","2015","PER","Persons","0","Units",,,54.69,,
"NOR","Norway","EMPW_SM","Share of central government employment filled by women by occupation groups, senior management","2010","2010","PER","Persons","0","Units",,,32.48,,
"NOR","Norway","EMPW_SM","Share of central government employment filled by women by occupation groups, senior management","2015","2015","PER","Persons","0","Units",,,43.44,,
"NOR","Norway","EMPW_MM","Share of central government employment filled by women by occupation groups, middle management","2015","2015","PER","Persons","0","Units",,,50.67,,
"NOR","Norway","EMPW_P","Share of central government employment filled by women by occupation groups, professionals","2015","2015","PER","Persons","0","Units",,,56.8,,
"NOR","Norway","EMPW_PARL","Share of women parliamentarians","2012","2012","PC","Percentage","0","Units",,,39.6,,
"NOR","Norway","EMPW_PARL","Share of women parliamentarians","2015","2015","PC","Percentage","0","Units",,,39.6,,
"NOR","Norway","EMPW_MIN","Share of women ministers","2012","2012","PC","Percentage","0","Units",,,52.6,,
"NOR","Norway","EMPW_MIN","Share of women ministers","2015","2015","PC","Percentage","0","Units",,,47.1,,
"NOR","Norway","EMPW_PJ","Share of professional judges that are women","2012","2012","PC","Percentage","0","Units",,,39,,
"NOR","Norway","EMPW_PJ","Share of professional judges that are women","2014","2014","PC","Percentage","0","Units",,,40,,
"NOR","Norway","EMPW_CFI","Share of women in courts of first instance","2014","2014","PC","Percentage","0","Units",,,42,,
"NOR","Norway","EMPW_AC","Share of women in appeal courts","2014","2014","PC","Percentage","0","Units",,,36,,
"NOR","Norway","EMPW_SC","Share of women in supreme courts","2014","2014","PC","Percentage","0","Units",,,35,,
"POL","Poland","EMPWPS","Share of public employment filled by women","2009","2009","PER","Persons","0","Units",,,58.23,,
"POL","Poland","EMPWPS","Share of public employment filled by women","2015","2015","PER","Persons","0","Units",,,60.74,,
"POL","Poland","EMPLWTOT","Share of employed women in total employment","2009","2009","PER","Persons","0","Units",,,45.04,,
"POL","Poland","EMPLWTOT","Share of employed women in total employment","2015","2015","PER","Persons","0","Units",,,44.87,,
"POL","Poland","EMPWCG","Share of central government employment filled by women","2015","2015","PER","Persons","0","Units",,,69.34,,
"POL","Poland","EMPW_SM","Share of central government employment filled by women by occupation groups, senior management","2010","2010","PER","Persons","0","Units",,,46.46,,
"POL","Poland","EMPW_SM","Share of central government employment filled by women by occupation groups, senior management","2015","2015","PER","Persons","0","Units",,,50.52,,
"POL","Poland","EMPW_MM","Share of central government employment filled by women by occupation groups, middle management","2015","2015","PER","Persons","0","Units",,,62.07,,
"POL","Poland","EMPW_P","Share of central government employment filled by women by occupation groups, professionals","2015","2015","PER","Persons","0","Units",,,70.47,,
"POL","Poland","EMPW_PARL","Share of women parliamentarians","2012","2012","PC","Percentage","0","Units",,,23.7,,
"POL","Poland","EMPW_PARL","Share of women parliamentarians","2015","2015","PC","Percentage","0","Units",,,24.1,,
"POL","Poland","EMPW_MIN","Share of women ministers","2012","2012","PC","Percentage","0","Units",,,22.2,,
"POL","Poland","EMPW_MIN","Share of women ministers","2015","2015","PC","Percentage","0","Units",,,27.8,,
"POL","Poland","EMPW_PJ","Share of professional judges that are women","2012","2012","PC","Percentage","0","Units",,,63,,
"POL","Poland","EMPW_CFI","Share of women in courts of first instance","2014","2014","PC","Percentage","0","Units",,,64,,
"POL","Poland","EMPW_AC","Share of women in appeal courts","2014","2014","PC","Percentage","0","Units",,,54,,
"PRT","Portugal","EMPWPS","Share of public employment filled by women","2015","2015","PER","Persons","0","Units",,,57.64,,
"PRT","Portugal","EMPLWTOT","Share of employed women in total employment","2015","2015","PER","Persons","0","Units",,,48.68,,
"PRT","Portugal","EMPWCG","Share of central government employment filled by women","2015","2015","PER","Persons","0","Units",,,65.72,,
"PRT","Portugal","EMPW_SM","Share of central government employment filled by women by occupation groups, senior management","2010","2010","PER","Persons","0","Units",,,36.74,,
"PRT","Portugal","EMPW_SM","Share of central government employment filled by women by occupation groups, senior management","2015","2015","PER","Persons","0","Units",,,33.77,,
"PRT","Portugal","EMPW_MM","Share of central government employment filled by women by occupation groups, middle management","2015","2015","PER","Persons","0","Units",,,56.18,,
"PRT","Portugal","EMPW_P","Share of central government employment filled by women by occupation groups, professionals","2015","2015","PER","Persons","0","Units",,,67.92,,
"PRT","Portugal","EMPW_PARL","Share of women parliamentarians","2012","2012","PC","Percentage","0","Units",,,28.7,,
"PRT","Portugal","EMPW_PARL","Share of women parliamentarians","2015","2015","PC","Percentage","0","Units",,,31.3,,
"PRT","Portugal","EMPW_MIN","Share of women ministers","2012","2012","PC","Percentage","0","Units",,,18.2,,
"PRT","Portugal","EMPW_MIN","Share of women ministers","2015","2015","PC","Percentage","0","Units",,,28.6,,
"PRT","Portugal","EMPW_PJ","Share of professional judges that are women","2012","2012","PC","Percentage","0","Units",,,57,,
"PRT","Portugal","EMPW_PJ","Share of professional judges that are women","2014","2014","PC","Percentage","0","Units",,,58,,
"PRT","Portugal","EMPW_CFI","Share of women in courts of first instance","2014","2014","PC","Percentage","0","Units",,,67,,
"PRT","Portugal","EMPW_AC","Share of women in appeal courts","2014","2014","PC","Percentage","0","Units",,,38,,
"PRT","Portugal","EMPW_SC","Share of women in supreme courts","2014","2014","PC","Percentage","0","Units",,,18,,
"SVK","Slovak Republic","EMPWPS","Share of public employment filled by women","2009","2009","PER","Persons","0","Units",,,58.44,,
"SVK","Slovak Republic","EMPWPS","Share of public employment filled by women","2015","2015","PER","Persons","0","Units",,,59.69,,
"SVK","Slovak Republic","EMPLWTOT","Share of employed women in total employment","2009","2009","PER","Persons","0","Units",,,43.91,,
"SVK","Slovak Republic","EMPLWTOT","Share of employed women in total employment","2015","2015","PER","Persons","0","Units",,,44.35,,
"SVK","Slovak Republic","EMPWCG","Share of central government employment filled by women","2015","2015","PER","Persons","0","Units",,,68.43,,
"SVK","Slovak Republic","EMPW_SM","Share of central government employment filled by women by occupation groups, senior management","2015","2015","PER","Persons","0","Units",,,34.92,,
"SVK","Slovak Republic","EMPW_MM","Share of central government employment filled by women by occupation groups, middle management","2015","2015","PER","Persons","0","Units",,,54.91,,
"SVK","Slovak Republic","EMPW_P","Share of central government employment filled by women by occupation groups, professionals","2015","2015","PER","Persons","0","Units",,,64.34,,
"SVK","Slovak Republic","EMPW_PARL","Share of women parliamentarians","2012","2012","PC","Percentage","0","Units",,,17.3,,
"SVK","Slovak Republic","EMPW_PARL","Share of women parliamentarians","2015","2015","PC","Percentage","0","Units",,,18.7,,
"SVK","Slovak Republic","EMPW_MIN","Share of women ministers","2012","2012","PC","Percentage","0","Units",,,14.3,,
"SVK","Slovak Republic","EMPW_MIN","Share of women ministers","2015","2015","PC","Percentage","0","Units",,,0,,
"SVK","Slovak Republic","EMPW_PJ","Share of professional judges that are women","2012","2012","PC","Percentage","0","Units",,,63,,
"SVK","Slovak Republic","EMPW_PJ","Share of professional judges that are women","2014","2014","PC","Percentage","0","Units",,,62,,
"SVK","Slovak Republic","EMPW_CFI","Share of women in courts of first instance","2014","2014","PC","Percentage","0","Units",,,64,,
"SVK","Slovak Republic","EMPW_AC","Share of women in appeal courts","2014","2014","PC","Percentage","0","Units",,,60,,
"SVK","Slovak Republic","EMPW_SC","Share of women in supreme courts","2014","2014","PC","Percentage","0","Units",,,58,,
"ESP","Spain","EMPWPS","Share of public employment filled by women","2009","2009","PER","Persons","0","Units",,,52.91,,
"ESP","Spain","EMPWPS","Share of public employment filled by women","2015","2015","PER","Persons","0","Units",,,54.15,,
"ESP","Spain","EMPLWTOT","Share of employed women in total employment","2009","2009","PER","Persons","0","Units",,,43.64,,
"ESP","Spain","EMPLWTOT","Share of employed women in total employment","2015","2015","PER","Persons","0","Units",,,45.37,,
"ESP","Spain","EMPWCG","Share of central government employment filled by women","2015","2015","PER","Persons","0","Units",,,50.66,,
"ESP","Spain","EMPW_SM","Share of central government employment filled by women by occupation groups, senior management","2010","2010","PER","Persons","0","Units",,,33.13,,
"ESP","Spain","EMPW_SM","Share of central government employment filled by women by occupation groups, senior management","2015","2015","PER","Persons","0","Units",,,29.23,,
"ESP","Spain","EMPW_MM","Share of central government employment filled by women by occupation groups, middle management","2015","2015","PER","Persons","0","Units",,,37.85,,
"ESP","Spain","EMPW_P","Share of central government employment filled by women by occupation groups, professionals","2015","2015","PER","Persons","0","Units",,,48.55,,
"ESP","Spain","EMPW_PARL","Share of women parliamentarians","2012","2012","PC","Percentage","0","Units",,,36,,
"ESP","Spain","EMPW_PARL","Share of women parliamentarians","2015","2015","PC","Percentage","0","Units",,,41.1,,
"ESP","Spain","EMPW_MIN","Share of women ministers","2012","2012","PC","Percentage","0","Units",,,30.8,,
"ESP","Spain","EMPW_MIN","Share of women ministers","2015","2015","PC","Percentage","0","Units",,,30.8,,
"ESP","Spain","EMPW_PJ","Share of professional judges that are women","2012","2012","PC","Percentage","0","Units",,,50,,
"ESP","Spain","EMPW_PJ","Share of professional judges that are women","2014","2014","PC","Percentage","0","Units",,,52,,
"ESP","Spain","EMPW_CFI","Share of women in courts of first instance","2014","2014","PC","Percentage","0","Units",,,59,,
"ESP","Spain","EMPW_AC","Share of women in appeal courts","2014","2014","PC","Percentage","0","Units",,,35,,
"ESP","Spain","EMPW_SC","Share of women in supreme courts","2014","2014","PC","Percentage","0","Units",,,13,,
"SWE","Sweden","EMPWPS","Share of public employment filled by women","2015","2015","PER","Persons","0","Units",,,71.7,,
"SWE","Sweden","EMPLWTOT","Share of employed women in total employment","2015","2015","PER","Persons","0","Units",,,47.69,,
"SWE","Sweden","EMPWCG","Share of central government employment filled by women","2015","2015","PER","Persons","0","Units",,,57.58,,
"SWE","Sweden","EMPW_SM","Share of central government employment filled by women by occupation groups, senior management","2010","2010","PER","Persons","0","Units",,,42.61,,
"SWE","Sweden","EMPW_SM","Share of central government employment filled by women by occupation groups, senior management","2015","2015","PER","Persons","0","Units",,,44.1,,
"SWE","Sweden","EMPW_MM","Share of central government employment filled by women by occupation groups, middle management","2015","2015","PER","Persons","0","Units",,,53.01,,
"SWE","Sweden","EMPW_P","Share of central government employment filled by women by occupation groups, professionals","2015","2015","PER","Persons","0","Units",,,58.04,,
"SWE","Sweden","EMPW_PARL","Share of women parliamentarians","2012","2012","PC","Percentage","0","Units",,,44.7,,
"SWE","Sweden","EMPW_PARL","Share of women parliamentarians","2015","2015","PC","Percentage","0","Units",,,43.6,,
"SWE","Sweden","EMPW_MIN","Share of women ministers","2012","2012","PC","Percentage","0","Units",,,52.2,,
"SWE","Sweden","EMPW_MIN","Share of women ministers","2015","2015","PC","Percentage","0","Units",,,52.2,,
"SWE","Sweden","EMPW_PJ","Share of professional judges that are women","2012","2012","PC","Percentage","0","Units",,,47,,
"SWE","Sweden","EMPW_PJ","Share of professional judges that are women","2014","2014","PC","Percentage","0","Units",,,49,,
"SWE","Sweden","EMPW_CFI","Share of women in courts of first instance","2014","2014","PC","Percentage","0","Units",,,47,,
"SWE","Sweden","EMPW_AC","Share of women in appeal courts","2014","2014","PC","Percentage","0","Units",,,56,,
"SWE","Sweden","EMPW_SC","Share of women in supreme courts","2014","2014","PC","Percentage","0","Units",,,39,,
"CHE","Switzerland","EMPWPS","Share of public employment filled by women","2009","2009","PER","Persons","0","Units",,,54.06,,
"CHE","Switzerland","EMPWPS","Share of public employment filled by women","2015","2015","PER","Persons","0","Units",,,57.59,,
"CHE","Switzerland","EMPLWTOT","Share of employed women in total employment","2009","2009","PER","Persons","0","Units",,,46.02,,
"CHE","Switzerland","EMPLWTOT","Share of employed women in total employment","2015","2015","PER","Persons","0","Units",,,46.35,,
"CHE","Switzerland","EMPWCG","Share of central government employment filled by women","2015","2015","PER","Persons","0","Units",,,30.93,,
"CHE","Switzerland","EMPW_SM","Share of central government employment filled by women by occupation groups, senior management","2010","2010","PER","Persons","0","Units",,,12.4,,
"CHE","Switzerland","EMPW_SM","Share of central government employment filled by women by occupation groups, senior management","2015","2015","PER","Persons","0","Units",,,14.66,,
"CHE","Switzerland","EMPW_MM","Share of central government employment filled by women by occupation groups, middle management","2015","2015","PER","Persons","0","Units",,,19.83,,
"CHE","Switzerland","EMPW_P","Share of central government employment filled by women by occupation groups, professionals","2015","2015","PER","Persons","0","Units",,,30.19,,
"CHE","Switzerland","EMPW_PARL","Share of women parliamentarians","2012","2012","PC","Percentage","0","Units",,,28.5,,
"CHE","Switzerland","EMPW_PARL","Share of women parliamentarians","2015","2015","PC","Percentage","0","Units",,,30.5,,
"CHE","Switzerland","EMPW_MIN","Share of women ministers","2012","2012","PC","Percentage","0","Units",,,42.9,,
"CHE","Switzerland","EMPW_MIN","Share of women ministers","2015","2015","PC","Percentage","0","Units",,,42.9,,
"CHE","Switzerland","EMPW_PJ","Share of professional judges that are women","2012","2012","PC","Percentage","0","Units",,,35,,
"CHE","Switzerland","EMPW_PJ","Share of professional judges that are women","2014","2014","PC","Percentage","0","Units",,,40,,
"CHE","Switzerland","EMPW_CFI","Share of women in courts of first instance","2014","2014","PC","Percentage","0","Units",,,42,,
"CHE","Switzerland","EMPW_AC","Share of women in appeal courts","2014","2014","PC","Percentage","0","Units",,,35,,
"CHE","Switzerland","EMPW_SC","Share of women in supreme courts","2014","2014","PC","Percentage","0","Units",,,29,,
"TUR","Turkey","EMPWCG","Share of central government employment filled by women","2015","2015","PER","Persons","0","Units",,,33.81,,
"TUR","Turkey","EMPW_SM","Share of central government employment filled by women by occupation groups, senior management","2010","2010","PER","Persons","0","Units",,,8.12,,
"TUR","Turkey","EMPW_SM","Share of central government employment filled by women by occupation groups, senior management","2015","2015","PER","Persons","0","Units",,,7.98,,
"TUR","Turkey","EMPW_MM","Share of central government employment filled by women by occupation groups, middle management","2015","2015","PER","Persons","0","Units",,,21.95,,
"TUR","Turkey","EMPW_P","Share of central government employment filled by women by occupation groups, professionals","2015","2015","PER","Persons","0","Units",,,38.76,,
"TUR","Turkey","EMPW_PARL","Share of women parliamentarians","2012","2012","PC","Percentage","0","Units",,,14.2,,
"TUR","Turkey","EMPW_PARL","Share of women parliamentarians","2015","2015","PC","Percentage","0","Units",,,14.4,,
"TUR","Turkey","EMPW_MIN","Share of women ministers","2012","2012","PC","Percentage","0","Units",,,4,,
"TUR","Turkey","EMPW_MIN","Share of women ministers","2015","2015","PC","Percentage","0","Units",,,4,,
"TUR","Turkey","EMPW_PJ","Share of professional judges that are women","2012","2012","PC","Percentage","0","Units",,,34,,
"TUR","Turkey","EMPW_PJ","Share of professional judges that are women","2014","2014","PC","Percentage","0","Units",,,34,,
"TUR","Turkey","EMPW_CFI","Share of women in courts of first instance","2014","2014","PC","Percentage","0","Units",,,36,,
"TUR","Turkey","EMPW_SC","Share of women in supreme courts","2014","2014","PC","Percentage","0","Units",,,16,,
"GBR","United Kingdom","EMPWPS","Share of public employment filled by women","2009","2009","PER","Persons","0","Units",,,64.52,,
"GBR","United Kingdom","EMPWPS","Share of public employment filled by women","2015","2015","PER","Persons","0","Units",,,65.94,,
"GBR","United Kingdom","EMPLWTOT","Share of employed women in total employment","2009","2009","PER","Persons","0","Units",,,46.48,,
"GBR","United Kingdom","EMPLWTOT","Share of employed women in total employment","2015","2015","PER","Persons","0","Units",,,46.87,,
"GBR","United Kingdom","EMPWCG","Share of central government employment filled by women","2015","2015","PER","Persons","0","Units",,,54.2,,
"GBR","United Kingdom","EMPW_SM","Share of central government employment filled by women by occupation groups, senior management","2010","2010","PER","Persons","0","Units",,,29,,
"GBR","United Kingdom","EMPW_SM","Share of central government employment filled by women by occupation groups, senior management","2015","2015","PER","Persons","0","Units",,,36.84,,
"GBR","United Kingdom","EMPW_MM","Share of central government employment filled by women by occupation groups, middle management","2015","2015","PER","Persons","0","Units",,,44.6,,
"GBR","United Kingdom","EMPW_P","Share of central government employment filled by women by occupation groups, professionals","2015","2015","PER","Persons","0","Units",,,52.67,,
"GBR","United Kingdom","EMPW_PARL","Share of women parliamentarians","2012","2012","PC","Percentage","0","Units",,,22.3,,
"GBR","United Kingdom","EMPW_PARL","Share of women parliamentarians","2015","2015","PC","Percentage","0","Units",,,29.4,,
"GBR","United Kingdom","EMPW_MIN","Share of women ministers","2012","2012","PC","Percentage","0","Units",,,17.2,,
"GBR","United Kingdom","EMPW_MIN","Share of women ministers","2015","2015","PC","Percentage","0","Units",,,22.7,,
"USA","United States","EMPWCG","Share of central government employment filled by women","2015","2015","PER","Persons","0","Units",,,42.57,,
"USA","United States","EMPW_SM","Share of central government employment filled by women by occupation groups, senior management","2010","2010","PER","Persons","0","Units",,,31.27,,
"USA","United States","EMPW_SM","Share of central government employment filled by women by occupation groups, senior management","2015","2015","PER","Persons","0","Units",,,34.41,,
"USA","United States","EMPW_MM","Share of central government employment filled by women by occupation groups, middle management","2015","2015","PER","Persons","0","Units",,,34.84,,
"USA","United States","EMPW_P","Share of central government employment filled by women by occupation groups, professionals","2015","2015","PER","Persons","0","Units",,,55.36,,
"USA","United States","EMPW_PARL","Share of women parliamentarians","2012","2012","PC","Percentage","0","Units",,,17,,
"USA","United States","EMPW_PARL","Share of women parliamentarians","2015","2015","PC","Percentage","0","Units",,,19.4,,
"USA","United States","EMPW_MIN","Share of women ministers","2012","2012","PC","Percentage","0","Units",,,27.3,,
"USA","United States","EMPW_MIN","Share of women ministers","2015","2015","PC","Percentage","0","Units",,,26.1,,
"BRA","Brazil","EMPWPS","Share of public employment filled by women","2015","2015","PER","Persons","0","Units",,,59.29,,
"BRA","Brazil","EMPLWTOT","Share of employed women in total employment","2015","2015","PER","Persons","0","Units",,,43.07,,
"CHL","Chile","EMPWPS","Share of public employment filled by women","2009","2009","PER","Persons","0","Units",,,52.82,,
"CHL","Chile","EMPWPS","Share of public employment filled by women","2015","2015","PER","Persons","0","Units",,,54.44,,
"CHL","Chile","EMPLWTOT","Share of employed women in total employment","2009","2009","PER","Persons","0","Units",,,37.92,,
"CHL","Chile","EMPLWTOT","Share of employed women in total employment","2015","2015","PER","Persons","0","Units",,,40.82,,
"CHL","Chile","EMPWCG","Share of central government employment filled by women","2015","2015","PER","Persons","0","Units",,,60.11,,
"CHL","Chile","EMPW_SM","Share of central government employment filled by women by occupation groups, senior management","2010","2010","PER","Persons","0","Units",,,30.53,,
"CHL","Chile","EMPW_SM","Share of central government employment filled by women by occupation groups, senior management","2015","2015","PER","Persons","0","Units",,,30.74,,
"CHL","Chile","EMPW_MM","Share of central government employment filled by women by occupation groups, middle management","2015","2015","PER","Persons","0","Units",,,35.24,,
"CHL","Chile","EMPW_P","Share of central government employment filled by women by occupation groups, professionals","2015","2015","PER","Persons","0","Units",,,51.32,,
"CHL","Chile","EMPW_PARL","Share of women parliamentarians","2012","2012","PC","Percentage","0","Units",,,14.2,,
"CHL","Chile","EMPW_PARL","Share of women parliamentarians","2015","2015","PC","Percentage","0","Units",,,15.8,,
"CHL","Chile","EMPW_MIN","Share of women ministers","2012","2012","PC","Percentage","0","Units",,,18.2,,
"CHL","Chile","EMPW_MIN","Share of women ministers","2015","2015","PC","Percentage","0","Units",,,34.8,,
"CHL","Chile","EMPW_SC","Share of women in supreme courts","2014","2014","PC","Percentage","0","Units",,,21.1,,
"COL","Colombia","EMPWPS","Share of public employment filled by women","2009","2009","PER","Persons","0","Units",,,39.76,,
"COL","Colombia","EMPWPS","Share of public employment filled by women","2015","2015","PER","Persons","0","Units",,,48.53,,
"COL","Colombia","EMPLWTOT","Share of employed women in total employment","2009","2009","PER","Persons","0","Units",,,39.8,,
"COL","Colombia","EMPLWTOT","Share of employed women in total employment","2015","2015","PER","Persons","0","Units",,,41.95,,
"COL","Colombia","EMPWCG","Share of central government employment filled by women","2015","2015","PER","Persons","0","Units",,,57,,
"COL","Colombia","EMPW_SM","Share of central government employment filled by women by occupation groups, senior management","2015","2015","PER","Persons","0","Units",,,39.48,,
"COL","Colombia","EMPW_MM","Share of central government employment filled by women by occupation groups, middle management","2015","2015","PER","Persons","0","Units",,,55.11,,
"COL","Colombia","EMPW_P","Share of central government employment filled by women by occupation groups, professionals","2015","2015","PER","Persons","0","Units",,,57.7,,
"COL","Colombia","EMPW_PARL","Share of women parliamentarians","2012","2012","PC","Percentage","0","Units",,,12,,
"COL","Colombia","EMPW_PARL","Share of women parliamentarians","2015","2015","PC","Percentage","0","Units",,,19.9,,
"COL","Colombia","EMPW_MIN","Share of women ministers","2012","2012","PC","Percentage","0","Units",,,33.3,,
"COL","Colombia","EMPW_MIN","Share of women ministers","2015","2015","PC","Percentage","0","Units",,,29.4,,
"CRI","Costa Rica","EMPWPS","Share of public employment filled by women","2015","2015","PER","Persons","0","Units",,,48.31,,
"CRI","Costa Rica","EMPLWTOT","Share of employed women in total employment","2015","2015","PER","Persons","0","Units",,,37.97,,
"EST","Estonia","EMPWPS","Share of public employment filled by women","2009","2009","PER","Persons","0","Units",,,69.81,,
"EST","Estonia","EMPWPS","Share of public employment filled by women","2015","2015","PER","Persons","0","Units",,,66.26,,
"EST","Estonia","EMPLWTOT","Share of employed women in total employment","2009","2009","PER","Persons","0","Units",,,51.68,,
"EST","Estonia","EMPLWTOT","Share of employed women in total employment","2015","2015","PER","Persons","0","Units",,,48.83,,
"EST","Estonia","EMPWCG","Share of central government employment filled by women","2015","2015","PER","Persons","0","Units",,,61.52,,
"EST","Estonia","EMPW_PARL","Share of women parliamentarians","2012","2012","PC","Percentage","0","Units",,,19.8,,
"EST","Estonia","EMPW_PARL","Share of women parliamentarians","2015","2015","PC","Percentage","0","Units",,,19.8,,
"EST","Estonia","EMPW_MIN","Share of women ministers","2012","2012","PC","Percentage","0","Units",,,8.3,,
"EST","Estonia","EMPW_MIN","Share of women ministers","2015","2015","PC","Percentage","0","Units",,,46.2,,
"EST","Estonia","EMPW_PJ","Share of professional judges that are women","2012","2012","PC","Percentage","0","Units",,,64,,
"EST","Estonia","EMPW_PJ","Share of professional judges that are women","2014","2014","PC","Percentage","0","Units",,,63,,
"EST","Estonia","EMPW_CFI","Share of women in courts of first instance","2014","2014","PC","Percentage","0","Units",,,70,,
"EST","Estonia","EMPW_AC","Share of women in appeal courts","2014","2014","PC","Percentage","0","Units",,,55,,
"EST","Estonia","EMPW_SC","Share of women in supreme courts","2014","2014","PC","Percentage","0","Units",,,17,,
"ISR","Israel","EMPWCG","Share of central government employment filled by women","2015","2015","PER","Persons","0","Units",,,62.57,,
"ISR","Israel","EMPW_SM","Share of central government employment filled by women by occupation groups, senior management","2015","2015","PER","Persons","0","Units",,,42.78,,
"ISR","Israel","EMPW_MM","Share of central government employment filled by women by occupation groups, middle management","2015","2015","PER","Persons","0","Units",,,45.16,,
"ISR","Israel","EMPW_PARL","Share of women parliamentarians","2012","2012","PC","Percentage","0","Units",,,20,,
"ISR","Israel","EMPW_PARL","Share of women parliamentarians","2015","2015","PC","Percentage","0","Units",,,22.5,,
"ISR","Israel","EMPW_MIN","Share of women ministers","2012","2012","PC","Percentage","0","Units",,,10.3,,
"ISR","Israel","EMPW_MIN","Share of women ministers","2015","2015","PC","Percentage","0","Units",,,18.2,,
"ISR","Israel","EMPW_PJ","Share of professional judges that are women","2012","2012","PC","Percentage","0","Units",,,50,,
"ISR","Israel","EMPW_PJ","Share of professional judges that are women","2014","2014","PC","Percentage","0","Units",,,51,,
"ISR","Israel","EMPW_CFI","Share of women in courts of first instance","2014","2014","PC","Percentage","0","Units",,,54,,
"ISR","Israel","EMPW_AC","Share of women in appeal courts","2014","2014","PC","Percentage","0","Units",,,47,,
"ISR","Israel","EMPW_SC","Share of women in supreme courts","2014","2014","PC","Percentage","0","Units",,,20,,
"LVA","Latvia","EMPWPS","Share of public employment filled by women","2015","2015","PER","Persons","0","Units",,,65.63,,
"LVA","Latvia","EMPLWTOT","Share of employed women in total employment","2015","2015","PER","Persons","0","Units",,,50.45,,
"LVA","Latvia","EMPWCG","Share of central government employment filled by women","2015","2015","PER","Persons","0","Units",,,63.7,,
"LVA","Latvia","EMPW_SM","Share of central government employment filled by women by occupation groups, senior management","2015","2015","PER","Persons","0","Units",,,54.04,,
"LVA","Latvia","EMPW_MM","Share of central government employment filled by women by occupation groups, middle management","2015","2015","PER","Persons","0","Units",,,65.82,,
"LVA","Latvia","EMPW_P","Share of central government employment filled by women by occupation groups, professionals","2015","2015","PER","Persons","0","Units",,,82.38,,
"LVA","Latvia","EMPW_PARL","Share of women parliamentarians","2012","2012","PC","Percentage","0","Units",,,23,,
"LVA","Latvia","EMPW_PARL","Share of women parliamentarians","2015","2015","PC","Percentage","0","Units",,,18,,
"LVA","Latvia","EMPW_MIN","Share of women ministers","2012","2012","PC","Percentage","0","Units",,,30.8,,
"LVA","Latvia","EMPW_MIN","Share of women ministers","2015","2015","PC","Percentage","0","Units",,,23.1,,
"LVA","Latvia","EMPW_PJ","Share of professional judges that are women","2012","2012","PC","Percentage","0","Units",,,77,,
"LVA","Latvia","EMPW_PJ","Share of professional judges that are women","2014","2014","PC","Percentage","0","Units",,,77,,
"LVA","Latvia","EMPW_CFI","Share of women in courts of first instance","2014","2014","PC","Percentage","0","Units",,,80,,
"LVA","Latvia","EMPW_AC","Share of women in appeal courts","2014","2014","PC","Percentage","0","Units",,,77,,
"LVA","Latvia","EMPW_SC","Share of women in supreme courts","2014","2014","PC","Percentage","0","Units",,,62,,
"LTU","Lithuania","EMPWPS","Share of public employment filled by women","2009","2009","PER","Persons","0","Units",,,67.72,,
"LTU","Lithuania","EMPWPS","Share of public employment filled by women","2015","2015","PER","Persons","0","Units",,,66.84,,
"LTU","Lithuania","EMPLWTOT","Share of employed women in total employment","2009","2009","PER","Persons","0","Units",,,51.98,,
"LTU","Lithuania","EMPLWTOT","Share of employed women in total employment","2015","2015","PER","Persons","0","Units",,,51.01,,
"LTU","Lithuania","EMPWCG","Share of central government employment filled by women","2015","2015","PER","Persons","0","Units",,,77.49,,
"LTU","Lithuania","EMPW_SM","Share of central government employment filled by women by occupation groups, senior management","2015","2015","PER","Persons","0","Units",,,36.61,,
"LTU","Lithuania","EMPW_MM","Share of central government employment filled by women by occupation groups, middle management","2015","2015","PER","Persons","0","Units",,,67.72,,
"LTU","Lithuania","EMPW_P","Share of central government employment filled by women by occupation groups, professionals","2015","2015","PER","Persons","0","Units",,,80.26,,
"SVN","Slovenia","EMPWPS","Share of public employment filled by women","2009","2009","PER","Persons","0","Units",,,59.32,,
"SVN","Slovenia","EMPWPS","Share of public employment filled by women","2015","2015","PER","Persons","0","Units",,,61.74,,
"SVN","Slovenia","EMPLWTOT","Share of employed women in total employment","2009","2009","PER","Persons","0","Units",,,43.67,,
"SVN","Slovenia","EMPLWTOT","Share of employed women in total employment","2015","2015","PER","Persons","0","Units",,,44.88,,
"SVN","Slovenia","EMPWCG","Share of central government employment filled by women","2015","2015","PER","Persons","0","Units",,,68.08,,
"SVN","Slovenia","EMPW_SM","Share of central government employment filled by women by occupation groups, senior management","2010","2010","PER","Persons","0","Units",,,39.89,,
"SVN","Slovenia","EMPW_SM","Share of central government employment filled by women by occupation groups, senior management","2015","2015","PER","Persons","0","Units",,,45.35,,
"SVN","Slovenia","EMPW_MM","Share of central government employment filled by women by occupation groups, middle management","2015","2015","PER","Persons","0","Units",,,63.17,,
"SVN","Slovenia","EMPW_P","Share of central government employment filled by women by occupation groups, professionals","2015","2015","PER","Persons","0","Units",,,69.98,,
"SVN","Slovenia","EMPW_PARL","Share of women parliamentarians","2012","2012","PC","Percentage","0","Units",,,32.2,,
"SVN","Slovenia","EMPW_PARL","Share of women parliamentarians","2015","2015","PC","Percentage","0","Units",,,36.7,,
"SVN","Slovenia","EMPW_MIN","Share of women ministers","2012","2012","PC","Percentage","0","Units",,,7.7,,
"SVN","Slovenia","EMPW_MIN","Share of women ministers","2015","2015","PC","Percentage","0","Units",,,43.8,,
"SVN","Slovenia","EMPW_PJ","Share of professional judges that are women","2012","2012","PC","Percentage","0","Units",,,78,,
"SVN","Slovenia","EMPW_PJ","Share of professional judges that are women","2014","2014","PC","Percentage","0","Units",,,78,,
"SVN","Slovenia","EMPW_CFI","Share of women in courts of first instance","2014","2014","PC","Percentage","0","Units",,,81,,
"SVN","Slovenia","EMPW_AC","Share of women in appeal courts","2014","2014","PC","Percentage","0","Units",,,71,,
"SVN","Slovenia","EMPW_SC","Share of women in supreme courts","2014","2014","PC","Percentage","0","Units",,,38,,
"ZAF","South Africa","EMPWPS","Share of public employment filled by women","2009","2009","PER","Persons","0","Units",,,50.5,,
"ZAF","South Africa","EMPWPS","Share of public employment filled by women","2015","2015","PER","Persons","0","Units",,,53.8,,
"ZAF","South Africa","EMPLWTOT","Share of employed women in total employment","2009","2009","PER","Persons","0","Units",,,43.55,,
"ZAF","South Africa","EMPLWTOT","Share of employed women in total employment","2015","2015","PER","Persons","0","Units",,,43.71,,
"OAVG","OECD - Average","EMPWPS","Share of public employment filled by women","2009","2009","PER","Persons","0","Units",,,57.29,,
"OAVG","OECD - Average","EMPWPS","Share of public employment filled by women","2015","2015","PER","Persons","0","Units",,,58.35,,
"OAVG","OECD - Average","EMPLWTOT","Share of employed women in total employment","2009","2009","PER","Persons","0","Units",,,44.79,,
"OAVG","OECD - Average","EMPLWTOT","Share of employed women in total employment","2015","2015","PER","Persons","0","Units",,,45.41,,
"OAVG","OECD - Average","EMPWCG","Share of central government employment filled by women","2015","2015","PER","Persons","0","Units",,,53.03,,
"OAVG","OECD - Average","EMPW_SM","Share of central government employment filled by women by occupation groups, senior management","2010","2010","PER","Persons","0","Units",,,28.78,,
"OAVG","OECD - Average","EMPW_SM","Share of central government employment filled by women by occupation groups, senior management","2015","2015","PER","Persons","0","Units",,,32.37,,
"OAVG","OECD - Average","EMPW_PARL","Share of women parliamentarians","2012","2012","PC","Percentage","0","Units",,,26.4,,
"OAVG","OECD - Average","EMPW_PARL","Share of women parliamentarians","2015","2015","PC","Percentage","0","Units",,,27.8,,
"OAVG","OECD - Average","EMPW_MIN","Share of women ministers","2012","2012","PC","Percentage","0","Units",,,25.1,,
"OAVG","OECD - Average","EMPW_MIN","Share of women ministers","2015","2015","PC","Percentage","0","Units",,,29.2,,
"OAVG","OECD - Average","EMPW_PJ","Share of professional judges that are women","2012","2012","PC","Percentage","0","Units",,,52,,
"OAVG","OECD - Average","EMPW_PJ","Share of professional judges that are women","2014","2014","PC","Percentage","0","Units",,,53,,
"OAVG","OECD - Average","EMPW_CFI","Share of women in courts of first instance","2014","2014","PC","Percentage","0","Units",,,59,,
"OAVG","OECD - Average","EMPW_AC","Share of women in appeal courts","2014","2014","PC","Percentage","0","Units",,,50,,
"OAVG","OECD - Average","EMPW_SC","Share of women in supreme courts","2014","2014","PC","Percentage","0","Units",,,32,,
